0,1,2,3,4,5,6,7
How can I get Netflix free?,0:15,3:44,Suggested clip · 84 seconds,,How to Get Netflix for Free (For a Year!) - YouTube,www.youtube.com › watch,Search for: How can I get Netflix free?
How much does Netflix cost per month?,"Netflix provides its consumers with three primary monthly pricing plans, as follows: Basic, $8.99 per month (up from $7.99 in 2018). Netflix's basic plan doesn't provide high definition viewing and its programs can only be watched on one screen at a time. Standard, $12.99 per month (up from $10.99 in 2018).Mar 18, 2020",,How Much Does Netflix Cost and What Are the Subscription Options ...,www.thestreet.com › how-much-is-netflix-14795014,Search for: How much does Netflix cost per month?,,
Is Netflix free now?,"Netflix offers a free month of service* for eligible customers. Sign up for instant access to the entire Netflix catalog of TV shows and movies. ... To start your free month, simply go to Netflix.com, choose a plan and payment option that's best for you, enter your email, set a password, and start watching.",,About Free Trials - Netflix Help Center,help.netflix.com › node,Search for: Is Netflix free now?,,
Is Netflix free for 30 days?,Free Trial,"Try us free for 30 days!* If you enjoy your Netflix trial, do nothing and your membership will automatically continue for as long as you choose to remain a member. Netflix membership is a month-to-month subscription that begins on the date you sign up.",,What is Netflix? - Netflix Help Center,help.netflix.com › node,Search for: Is Netflix free for 30 days?,
How Much Is Netflix a month 2020?,,,,,,,
How do I get Netflix Free 2020?,,,,,,,
Is Netflix worth the money?,,,,,,,
Is Netflix basic good?,,,,,,,
Can you share a Netflix account?,,,,,,,
Is Netflix party safe?,,,,,,,
Is Netflix free trial over?,,,,,,,
Is Netflix Free Trial Not anymore?,,,,,,,
