0,1,2,3,4,5,6,7,8,9,10,11
What are the different Netflix plans?,"Netflix offers three streaming plans: Basic, Standard, and Premium, starting at $9 per month and ending at $16 per month.",...,How much Netflix's streaming plans cost,Basic. The Basic streaming plan costs $8.99 per month and has the most limited features. ...,Standard. ...,Premium.,"May 30, 2019",,How much is Netflix? All of Netflix's subscription plans explained ...,www.businessinsider.com › how-much-is-netflix,Search for: What are the different Netflix plans?
How much does Netflix cost a month?,"Netflix provides its consumers with three primary monthly pricing plans, as follows: Basic, $8.99 per month (up from $7.99 in 2018). Netflix's basic plan doesn't provide high definition viewing and its programs can only be watched on one screen at a time. Standard, $12.99 per month (up from $10.99 in 2018).Mar 18, 2020",,How Much Does Netflix Cost and What Are the Subscription Options ...,www.thestreet.com › technology › how-much-is-netflix-14795014,Search for: How much does Netflix cost a month?,,,,,,
How much is Netflix monthly for 2020?,Netflix plans and pricing,Plans Price Simultaneous streams,Basic $8.99/mo.* 1,Standard $12.99/mo.* 2,Premium $15.99/mo.* 4,"Dec 12, 2019",,Netflix Review 2020: Is It the Best Streaming Service There Is?,www.reviews.org › tv-service › netflix-review,Search for: How much is Netflix monthly for 2020?,
What is Netflix cheapest plan?,"While the 2019 Netflix price hike raised monthly fees by 13 to 15%, the cheapest plan (Netflix's Basic Plan) is still relatively affordable at $8.99/month. This plan lets customers stream on one device at a time in standard definition (SD) and allows downloads to one phone or tablet.Feb 21, 2020",,Price of Netflix: How Much Does It Cost to Subscribe? - Decider,decider.com › article › price-of-netflix-price-per-month,Search for: What is Netflix cheapest plan?,,,,,,
Is Netflix 199 plan good?,,,,,,,,,,,
Which is the best Netflix plan?,,,,,,,,,,,
Is Netflix worth the money?,,,,,,,,,,,
How can I get Netflix for free forever?,,,,,,,,,,,
How can I get Netflix cheaper?,,,,,,,,,,,
Will Netflix price go up in 2020?,,,,,,,,,,,
Which is best Netflix or Amazon Prime?,,,,,,,,,,,
What TV channels are available on Netflix?,,,,,,,,,,,
What is the difference between Netflix basic standard and premium?,,,,,,,,,,,
Can you share a Netflix account?,,,,,,,,,,,
,,,,,,,,,,,
