0,1,2,3,4,5,6
Is Netflix stock a buy?,Outlook For The Stock In The Current Market Environment,"When all is said and done, Netflix Inc stock turned a corner in 2020. The handle that got tacked on to the 2019 base is really a base in its own right. And the relative strength line is soaring. The S&P 500 fell 35% from its February highs to its March lows.May 1, 2020",,Why Netflix Is A Buy Right Now! - Yahoo Finance,finance.yahoo.com › why-netflix-buy-now-140541024,Search for: Is Netflix stock a buy?
Why is the Netflix stock going down?,"Netflix stock is down, by about 3%, in midday trading Monday because the streaming wars are heating up. ... “While Netflix should remain the dominant global SVOD provider, its 2019 results so far suggest increasing elasticity and/or a rising cost of customer acquisition,” wrote Hargreaves.Dec 2, 2019",,Netflix Stock Is Down Because Streaming Competition Is Up - Barron's,www.barrons.com › articles › netflix-stock-streaming-co...,Search for: Why is the Netflix stock going down?,
What was Netflix original stock price?,"Key Takeaways. Netflix went public on May 23, 2002, with an initial public offering (IPO) price of $15 per share.",,If You Invested Right After Netflix's IPO (NFLX) - Investopedia,www.investopedia.com › articles › active-trading › if-you...,Search for: What was Netflix original stock price?,
Is Netflix stock too expensive?,"Netflix stock is still expensive at a price-to-earnings ratio of around 100, meaning any unanticipated slowdown in subscriber growth or profits could send the stock reeling. So far, early data shows Netflix has seen ""little to no impact"" from the Disney+ launch, according to Credit Suisse.Dec 1, 2019",,Better Buy: Netflix vs. Amazon | The Motley Fool,www.fool.com › investing › 2019/12/01 › better-buy-am...,Search for: Is Netflix stock too expensive?,
What is the best stock to buy now?,,,,,,
What are the best stocks to buy right now?,,,,,,
Is now a good time to buy Apple stocks?,,,,,,
Will Netflix stock bounce back?,,,,,,
Is Tesla a good stock to buy?,,,,,,
Is Netflix a good investment 2020?,,,,,,
Why is Netflix stock so high?,,,,,,
What if I bought Netflix stock?,,,,,,
Is Amazon still a good buy?,,,,,,
What is the most expensive stock in the world?,,,,,,
,,,,,,
